cohort,scheme,class,subjects,walks
3DGait,raw,0,16,24
3DGait,raw,1,26,42
3DGait,raw,2,12,14
3DGait,raw,3,5,10
3DGait,merged,0,16,24
3DGait,merged,1,26,42
3DGait,merged,2-3,15,24
T-SDU-PD,raw,0,4,96
T-SDU-PD,raw,1,10,118
T-SDU-PD,raw,2,9,167
T-SDU-PD,merged,0,4,96
T-SDU-PD,merged,1,10,118
T-SDU-PD,merged,2-3,9,167
BMCLab,raw,0,13,341
BMCLab,raw,1,11,276
BMCLab,raw,2,7,162
BMCLab,merged,0,13,341
BMCLab,merged,1,11,276
BMCLab,merged,2-3,7,162
PD-GaM,raw,0,29,783
PD-GaM,raw,1,28,635
PD-GaM,raw,2,20,248
PD-GaM,raw,3,2,34
PD-GaM,merged,0,29,783
PD-GaM,merged,1,28,635
PD-GaM,merged,2-3,20,282
ALL,raw,0,62,1244
ALL,raw,1,75,1071
ALL,raw,2,48,591
ALL,raw,3,7,44
ALL,merged,0,62,1244
ALL,merged,1,75,1071
ALL,merged,2-3,51,635
